Experiment;Seed;Val AUC;Val ACC;Test AUC;Test ACC;Time
TEST3_Src_pneumo50_Tgt_organc50;1;0.9986780022460485;0.9494147157190636;0.9867578625053182;0.8494401168451802;1345.87
SUMMARY;AVG ± STD;0.9987 ± 0.0000;0.9494 ± 0.0000;0.9868 ± 0.0000;0.8494 ± 0.0000;-
