Experiment;Seed;Val AUC;Val ACC;Test AUC;Test ACC;Time
TEST3_Src_breast50_Tgt_dermam50;1;0.8768025531661733;0.6859421734795613;0.8868717580772122;0.6942643391521197;276.21
SUMMARY;AVG ± STD;0.8768 ± 0.0000;0.6859 ± 0.0000;0.8869 ± 0.0000;0.6943 ± 0.0000;-
