Experiment;Seed;Val AUC;Val ACC;Test AUC;Test ACC;Time
TEST3_Src_breast18_Tgt_organc18;1;0.9991169860217248;0.9594481605351171;0.988268153364011;0.8758519961051606;522.56
SUMMARY;AVG ± STD;0.9991 ± 0.0000;0.9594 ± 0.0000;0.9883 ± 0.0000;0.8759 ± 0.0000;-
