Experiment;Seed;Val AUC;Val ACC;Test AUC;Test ACC;Time
TEST3_Src_breast50_Tgt_pneumo18;1;0.995772636389603;0.9751908396946565;0.9587661626123164;0.8717948717948718;135.81
SUMMARY;AVG ± STD;0.9958 ± 0.0000;0.9752 ± 0.0000;0.9588 ± 0.0000;0.8718 ± 0.0000;-
