Experiment;Seed;Val AUC;Val ACC;Test AUC;Test ACC;Time
TEST2_organcmnist_R50_to_R18;1;0.9998756447616135;0.9816053511705686;0.993377010402784;0.8962999026290166;506.51
TEST2_organcmnist_R50_to_R18;2;0.9999135495230788;0.9841137123745819;0.9945022427897364;0.9115141187925998;495.47
TEST2_organcmnist_R50_to_R18;3;0.9999229095564185;0.9845317725752508;0.9937303368819456;0.9098101265822784;505.37
SUMMARY;AVG ± STD;0.9999 ± 0.0000;0.9834 ± 0.0013;0.9939 ± 0.0005;0.9059 ± 0.0068;-
