Experiment;Seed;Val AUC;Val ACC;Test AUC;Test ACC;Time
TEST3_Src_pneumo18_Tgt_dermam50;1;0.8985096546807572;0.7288135593220338;0.9047862308535605;0.7391521197007481;339.08
SUMMARY;AVG ± STD;0.8985 ± 0.0000;0.7288 ± 0.0000;0.9048 ± 0.0000;0.7392 ± 0.0000;-
