Experiment;Seed;Val AUC;Val ACC;Test AUC;Test ACC;Time
TEST3_Src_breast18_Tgt_pneumo18;1;0.9955631724269257;0.9751908396946565;0.9577799693184309;0.8733974358974359;207.17
SUMMARY;AVG ± STD;0.9956 ± 0.0000;0.9752 ± 0.0000;0.9578 ± 0.0000;0.8734 ± 0.0000;-
