Experiment;Seed;Val AUC;Val ACC;Test AUC;Test ACC;Time
TEST3_Src_organc18_Tgt_breast50;1;0.7660818713450293;0.7307692307692307;0.752297410192147;0.7307692307692307;38.65
SUMMARY;AVG ± STD;0.7661 ± 0.0000;0.7308 ± 0.0000;0.7523 ± 0.0000;0.7308 ± 0.0000;-
