Experiment;Seed;Val AUC;Val ACC;Test AUC;Test ACC;Time
TEST3_Src_pneumo50_Tgt_dermam50;1;0.8916259710342108;0.711864406779661;0.8661818109510154;0.6937655860349127;625.6
SUMMARY;AVG ± STD;0.8916 ± 0.0000;0.7119 ± 0.0000;0.8662 ± 0.0000;0.6938 ± 0.0000;-
