Experiment;Seed;Val AUC;Val ACC;Test AUC;Test ACC;Time
TEST3_Src_organc18_Tgt_pneumo18;1;0.9958488051033039;0.9675572519083969;0.956344510190664;0.8509615384615384;263.76
SUMMARY;AVG ± STD;0.9958 ± 0.0000;0.9676 ± 0.0000;0.9563 ± 0.0000;0.8510 ± 0.0000;-
