Experiment;Seed;Val AUC;Val ACC;Test AUC;Test ACC;Time
TEST3_Src_dermam18_Tgt_breast50;1;0.8395989974937343;0.8076923076923077;0.7990810359231412;0.7948717948717948;34.06
SUMMARY;AVG ± STD;0.8396 ± 0.0000;0.8077 ± 0.0000;0.7991 ± 0.0000;0.7949 ± 0.0000;-
