Experiment;Seed;Val AUC;Val ACC;Test AUC;Test ACC;Time
TEST3_Src_pneumo18_Tgt_organc50;1;0.9936928856399233;0.8963210702341137;0.9812295015062472;0.817429406037001;638.36
SUMMARY;AVG ± STD;0.9937 ± 0.0000;0.8963 ± 0.0000;0.9812 ± 0.0000;0.8174 ± 0.0000;-
