Experiment;Seed;Val AUC;Val ACC;Test AUC;Test ACC;Time
TEST3_Src_pneumo18_Tgt_organc18;1;0.9946632476003233;0.9034280936454849;0.9812307489107611;0.8252190847127556;512.38
SUMMARY;AVG ± STD;0.9947 ± 0.0000;0.9034 ± 0.0000;0.9812 ± 0.0000;0.8252 ± 0.0000;-
