Experiment;Seed;Val AUC;Val ACC;Test AUC;Test ACC;Time
TEST3_Src_breast50_Tgt_pneumo50;1;0.9965343235266113;0.9732824427480916;0.922589305281613;0.8189102564102564;188.4
SUMMARY;AVG ± STD;0.9965 ± 0.0000;0.9733 ± 0.0000;0.9226 ± 0.0000;0.8189 ± 0.0000;-
