Experiment;Seed;Val AUC;Val ACC;Test AUC;Test ACC;Time
TEST3_Src_dermam18_Tgt_pneumo18;1;0.9910120917833;0.9618320610687023;0.9704032434801666;0.9166666666666666;232.67
SUMMARY;AVG ± STD;0.9910 ± 0.0000;0.9618 ± 0.0000;0.9704 ± 0.0000;0.9167 ± 0.0000;-
