Experiment;Seed;Val AUC;Val ACC;Test AUC;Test ACC;Time
TEST3_Src_organc50_Tgt_dermam50;1;0.9155026073593104;0.7477567298105683;0.9070002412883659;0.7341645885286783;330.72
SUMMARY;AVG ± STD;0.9155 ± 0.0000;0.7478 ± 0.0000;0.9070 ± 0.0000;0.7342 ± 0.0000;-
