Experiment;Seed;Val AUC;Val ACC;Test AUC;Test ACC;Time
TEST2_pneumoniamnist_R50_to_R18;1;0.9912025135675522;0.9522900763358778;0.9623876835415297;0.7740384615384616;295.98
TEST2_pneumoniamnist_R50_to_R18;2;0.9978101494811007;0.9675572519083969;0.9835415296953758;0.842948717948718;318.65
TEST2_pneumoniamnist_R50_to_R18;3;0.9962677330286585;0.9732824427480916;0.9797063335524874;0.8509615384615384;319.14
SUMMARY;AVG ± STD;0.9951 ± 0.0028;0.9644 ± 0.0089;0.9752 ± 0.0092;0.8226 ± 0.0345;-
