Experiment;Seed;Val AUC;Val ACC;Test AUC;Test ACC;Time
TEST3_Src_dermam18_Tgt_pneumo50;1;0.9920784537751118;0.9694656488549618;0.9657790927021696;0.8621794871794872;289.94
SUMMARY;AVG ± STD;0.9921 ± 0.0000;0.9695 ± 0.0000;0.9658 ± 0.0000;0.8622 ± 0.0000;-
