Experiment;Seed;Val AUC;Val ACC;Test AUC;Test ACC;Time
TEST3_Src_organc18_Tgt_dermam50;1;0.8105654330860549;0.6689930209371885;0.8002041980377099;0.6688279301745635;482.51
SUMMARY;AVG ± STD;0.8106 ± 0.0000;0.6690 ± 0.0000;0.8002 ± 0.0000;0.6688 ± 0.0000;-
