Experiment;Seed;Val AUC;Val ACC;Test AUC;Test ACC;Time
TEST2_dermamnist_R50_to_R18;1;0.9256706233484543;0.7377866400797607;0.9260633009157783;0.7536159600997506;524.68
TEST2_dermamnist_R50_to_R18;2;0.9288174570695212;0.7637088733798604;0.9292405698481108;0.7750623441396509;545.44
TEST2_dermamnist_R50_to_R18;3;0.9230429453188711;0.7666999002991027;0.9253311103034189;0.7571072319201995;521.5
SUMMARY;AVG ± STD;0.9258 ± 0.0024;0.7561 ± 0.0130;0.9269 ± 0.0017;0.7619 ± 0.0094;-
