Experiment;Seed;Val AUC;Val ACC;Test AUC;Test ACC;Time
TEST3_Src_dermam50_Tgt_breast50;1;0.8270676691729323;0.8205128205128205;0.8615288220551378;0.8333333333333334;44.46
SUMMARY;AVG ± STD;0.8271 ± 0.0000;0.8205 ± 0.0000;0.8615 ± 0.0000;0.8333 ± 0.0000;-
