Experiment;Seed;Val AUC;Val ACC;Test AUC;Test ACC;Time
TEST3_Src_dermam18_Tgt_organc18;1;0.9990261364581952;0.9728260869565217;0.9920513247842753;0.8944741966893865;689.69
SUMMARY;AVG ± STD;0.9990 ± 0.0000;0.9728 ± 0.0000;0.9921 ± 0.0000;0.8945 ± 0.0000;-
