Experiment;Seed;Val AUC;Val ACC;Test AUC;Test ACC;Time
TEST3_Src_breast18_Tgt_dermam18;1;0.8092417157000672;0.6809571286141576;0.8132058559223824;0.683291770573566;311.87
SUMMARY;AVG ± STD;0.8092 ± 0.0000;0.6810 ± 0.0000;0.8132 ± 0.0000;0.6833 ± 0.0000;-
