Experiment;Seed;Val AUC;Val ACC;Test AUC;Test ACC;Time
TEST3_Src_pneumo18_Tgt_breast18;1;0.8813700918964076;0.8589743589743589;0.8606934001670843;0.8653846153846154;22.07
SUMMARY;AVG ± STD;0.8814 ± 0.0000;0.8590 ± 0.0000;0.8607 ± 0.0000;0.8654 ± 0.0000;-
