Experiment;Seed;Val AUC;Val ACC;Test AUC;Test ACC;Time
TEST3_Src_breast50_Tgt_organc18;1;0.9977000550773877;0.9469063545150501;0.9866273959818994;0.875730282375852;375.09
SUMMARY;AVG ± STD;0.9977 ± 0.0000;0.9469 ± 0.0000;0.9866 ± 0.0000;0.8757 ± 0.0000;-
