Experiment;Seed;Val AUC;Val ACC;Test AUC;Test ACC;Time
TEST3_Src_breast18_Tgt_pneumo50;1;0.9919642007045605;0.9618320610687023;0.922266053035284;0.842948717948718;255.14
SUMMARY;AVG ± STD;0.9920 ± 0.0000;0.9618 ± 0.0000;0.9223 ± 0.0000;0.8429 ± 0.0000;-
