Experiment;Seed;Val AUC;Val ACC;Test AUC;Test ACC;Time
TEST3_Src_organc18_Tgt_dermam18;1;0.8882433652022238;0.7148554336989033;0.8864163074277721;0.7182044887780549;392.96
SUMMARY;AVG ± STD;0.8882 ± 0.0000;0.7149 ± 0.0000;0.8864 ± 0.0000;0.7182 ± 0.0000;-
