Experiment;Seed;Val AUC;Val ACC;Test AUC;Test ACC;Time
TEST3_Src_breast50_Tgt_organc50;1;0.9970831503311327;0.9494147157190636;0.9870026086013479;0.875;526.37
SUMMARY;AVG ± STD;0.9971 ± 0.0000;0.9494 ± 0.0000;0.9870 ± 0.0000;0.8750 ± 0.0000;-
