Experiment;Seed;Val AUC;Val ACC;Test AUC;Test ACC;Time
TEST3_Src_pneumo50_Tgt_breast50;1;0.8705096073517127;0.8461538461538461;0.8151629072681705;0.8269230769230769;42.36
SUMMARY;AVG ± STD;0.8705 ± 0.0000;0.8462 ± 0.0000;0.8152 ± 0.0000;0.8269 ± 0.0000;-
