Experiment;Seed;Val AUC;Val ACC;Test AUC;Test ACC;Time
TEST3_Src_organc50_Tgt_dermam18;1;0.9149465060865909;0.7268195413758723;0.9155102652734133;0.7376558603491272;251.79
SUMMARY;AVG ± STD;0.9149 ± 0.0000;0.7268 ± 0.0000;0.9155 ± 0.0000;0.7377 ± 0.0000;-
