Experiment;Seed;Val AUC;Val ACC;Test AUC;Test ACC;Time
TEST3_Src_organc50_Tgt_pneumo50;1;0.9965533657050367;0.9751908396946565;0.9593030900723207;0.8557692307692307;211.34
SUMMARY;AVG ± STD;0.9966 ± 0.0000;0.9752 ± 0.0000;0.9593 ± 0.0000;0.8558 ± 0.0000;-
