Experiment;Seed;Val AUC;Val ACC;Test AUC;Test ACC;Time
TEST3_Src_organc18_Tgt_pneumo50;1;0.987146529562982;0.9522900763358778;0.9547008547008546;0.8653846153846154;315.83
SUMMARY;AVG ± STD;0.9871 ± 0.0000;0.9523 ± 0.0000;0.9547 ± 0.0000;0.8654 ± 0.0000;-
