Experiment;Seed;Val AUC;Val ACC;Test AUC;Test ACC;Time
TEST2_pneumoniamnist_R18_to_R50;1;0.9930686470532228;0.9694656488549618;0.933377164146395;0.8076923076923077;228.29
TEST2_pneumoniamnist_R18_to_R50;2;0.9946681900409406;0.9675572519083969;0.9561801446416831;0.8461538461538461;225.02
TEST2_pneumoniamnist_R18_to_R50;3;0.9972007997714938;0.9694656488549618;0.9470195047118124;0.8413461538461539;226.04
SUMMARY;AVG ± STD;0.9950 ± 0.0017;0.9688 ± 0.0009;0.9455 ± 0.0094;0.8317 ± 0.0171;-
