Experiment;Seed;Val AUC;Val ACC;Test AUC;Test ACC;Time
TEST3_Src_organc50_Tgt_breast18;1;0.8504594820384295;0.8333333333333334;0.8886800334168755;0.8333333333333334;20.11
SUMMARY;AVG ± STD;0.8505 ± 0.0000;0.8333 ± 0.0000;0.8887 ± 0.0000;0.8333 ± 0.0000;-
