Experiment;Seed;Val AUC;Val ACC;Test AUC;Test ACC;Time
TEST3_Src_dermam18_Tgt_organc50;1;0.9978880784122354;0.9569397993311036;0.9885452997920313;0.870983446932814;785.79
SUMMARY;AVG ± STD;0.9979 ± 0.0000;0.9569 ± 0.0000;0.9885 ± 0.0000;0.8710 ± 0.0000;-
