Experiment;Seed;Val AUC;Val ACC;Test AUC;Test ACC;Time
TEST3_Src_organc50_Tgt_pneumo18;1;0.9965724078834619;0.9770992366412213;0.9581360946745562;0.8846153846153846;160.71
SUMMARY;AVG ± STD;0.9966 ± 0.0000;0.9771 ± 0.0000;0.9581 ± 0.0000;0.8846 ± 0.0000;-
