Experiment;Seed;Val AUC;Val ACC;Test AUC;Test ACC;Time
TEST3_Src_pneumo18_Tgt_dermam18;1;0.9054085893915544;0.7208374875373879;0.9074494220662422;0.7376558603491272;260.26
SUMMARY;AVG ± STD;0.9054 ± 0.0000;0.7208 ± 0.0000;0.9074 ± 0.0000;0.7377 ± 0.0000;-
