Experiment;Seed;Val AUC;Val ACC;Test AUC;Test ACC;Time
TEST3_Src_dermam50_Tgt_breast18;1;0.8262322472848789;0.7307692307692307;0.8007518796992482;0.7243589743589743;38.77
SUMMARY;AVG ± STD;0.8262 ± 0.0000;0.7308 ± 0.0000;0.8008 ± 0.0000;0.7244 ± 0.0000;-
