Experiment;Seed;Val AUC;Val ACC;Test AUC;Test ACC;Time
TEST3_Src_breast50_Tgt_dermam18;1;0.9116086064704799;0.7248255234297108;0.896320107169769;0.7436408977556109;199.67
SUMMARY;AVG ± STD;0.9116 ± 0.0000;0.7248 ± 0.0000;0.8963 ± 0.0000;0.7436 ± 0.0000;-
