Experiment;Seed;Val AUC;Val ACC;Test AUC;Test ACC;Time
TEST3_Src_dermam50_Tgt_organc50;1;0.9988190307889134;0.9540133779264214;0.9892672038601245;0.8657497565725414;1059.77
SUMMARY;AVG ± STD;0.9988 ± 0.0000;0.9540 ± 0.0000;0.9893 ± 0.0000;0.8657 ± 0.0000;-
