Experiment;Seed;Val AUC;Val ACC;Test AUC;Test ACC;Time
TEST3_Src_breast18_Tgt_dermam50;1;0.8626920640646562;0.7018943170488534;0.8234554904980059;0.6937655860349127;387.66
SUMMARY;AVG ± STD;0.8627 ± 0.0000;0.7019 ± 0.0000;0.8235 ± 0.0000;0.6938 ± 0.0000;-
