Experiment;Seed;Val AUC;Val ACC;Test AUC;Test ACC;Time
TEST2_organcmnist_R18_to_R50;1;0.9859101783818474;0.8068561872909699;0.9542537600337663;0.6948636806231743;991.74
TEST2_organcmnist_R18_to_R50;2;0.9990158127693153;0.9581939799331104;0.9866718875691108;0.8445715676728335;956.99
TEST2_organcmnist_R18_to_R50;3;0.9997927509195684;0.9803511705685619;0.9926221162517949;0.8857108081791626;929.92
SUMMARY;AVG ± STD;0.9949 ± 0.0064;0.9151 ± 0.0771;0.9778 ± 0.0169;0.8084 ± 0.0820;-
