Experiment;Seed;Val AUC;Val ACC;Test AUC;Test ACC;Time
TEST3_Src_dermam50_Tgt_pneumo18;1;0.9954679615347996;0.9694656488549618;0.9825662941047557;0.9166666666666666;322.35
SUMMARY;AVG ± STD;0.9955 ± 0.0000;0.9695 ± 0.0000;0.9826 ± 0.0000;0.9167 ± 0.0000;-
