Run Type;Dataset;Resolution;Seed;Val AUC;Val ACC;Test AUC;Test ACC;Policy Source;Total Time;Matrix File
Individual Seed;organcmnist;224;1;0.9996784717346525;0.9782608695652174;0.995709619245168;0.929284323271665;organcmnist_VAL_optimize_do_organcmnist_resnet18_4.csv;3581.7318902015686;confusion_matrix_seed_1.txt
Individual Seed;organcmnist;224;2;0.9999319075248668;0.9845317725752508;0.9956931895132076;0.9268500486854917;organcmnist_VAL_optimize_do_organcmnist_resnet18_4.csv;2917.595356941223;confusion_matrix_seed_2.txt
Individual Seed;organcmnist;224;3;0.9998944217764122;0.9820234113712375;0.9967599062362805;0.932570593962999;organcmnist_VAL_optimize_do_organcmnist_resnet18_4.csv;2343.669030189514;confusion_matrix_seed_3.txt
Individual Seed;organcmnist;224;4;0.9998491732805412;0.9795150501672241;0.9958451860856151;0.9259980525803311;organcmnist_VAL_optimize_do_organcmnist_resnet18_4.csv;2562.947347640991;confusion_matrix_seed_4.txt
Individual Seed;organcmnist;224;5;0.999875602911014;0.9811872909698997;0.9962622047847399;0.932205452775073;organcmnist_VAL_optimize_do_organcmnist_resnet18_4.csv;3062.4645853042603;confusion_matrix_seed_5.txt
FINAL SUMMARY;organcmnist;224;MEAN ± STD;0.9998 ± 0.0001;0.9811 ± 0.0022;0.9961 ± 0.0004;0.9294 ± 0.0027;-;-;-
