Experiment;Seed;Val AUC;Val ACC;Test AUC;Test ACC;Time
TEST3_Src_organc50_Tgt_breast50;1;0.8304093567251463;0.8589743589743589;0.8256056808688388;0.8012820512820513;26.97
SUMMARY;AVG ± STD;0.8304 ± 0.0000;0.8590 ± 0.0000;0.8256 ± 0.0000;0.8013 ± 0.0000;-
