Experiment;Seed;Val AUC;Val ACC;Test AUC;Test ACC;Time
TEST3_Src_pneumo18_Tgt_breast50;1;0.8028404344193818;0.782051282051282;0.8072263993316625;0.7884615384615384;29.04
SUMMARY;AVG ± STD;0.8028 ± 0.0000;0.7821 ± 0.0000;0.8072 ± 0.0000;0.7885 ± 0.0000;-
