Experiment;Seed;Val AUC;Val ACC;Test AUC;Test ACC;Time
TEST3_Src_dermam50_Tgt_pneumo50;1;0.9833571360563648;0.9408396946564885;0.9683431952662723;0.9166666666666666;366.37
SUMMARY;AVG ± STD;0.9834 ± 0.0000;0.9408 ± 0.0000;0.9683 ± 0.0000;0.9167 ± 0.0000;-
