Experiment;Seed;Val AUC;Val ACC;Test AUC;Test ACC;Time
TEST3_Src_dermam50_Tgt_organc18;1;0.9996165606177881;0.9753344481605352;0.9919033801260307;0.8955696202531646;874.78
SUMMARY;AVG ± STD;0.9996 ± 0.0000;0.9753 ± 0.0000;0.9919 ± 0.0000;0.8956 ± 0.0000;-
