Experiment;Seed;Val AUC;Val ACC;Test AUC;Test ACC;Time
TEST3_Src_pneumo50_Tgt_breast18;1;0.8563074352548037;0.8717948717948718;0.8483709273182957;0.8076923076923077;35.39
SUMMARY;AVG ± STD;0.8563 ± 0.0000;0.8718 ± 0.0000;0.8484 ± 0.0000;0.8077 ± 0.0000;-
