Experiment;Seed;Val AUC;Val ACC;Test AUC;Test ACC;Time
TEST3_Src_pneumo50_Tgt_organc18;1;0.9990369595845028;0.9561036789297659;0.9919028003829637;0.8935004868549172;945.42
SUMMARY;AVG ± STD;0.9990 ± 0.0000;0.9561 ± 0.0000;0.9919 ± 0.0000;0.8935 ± 0.0000;-
