Experiment;Seed;Val AUC;Val ACC;Test AUC;Test ACC;Time
TEST2_breastmnist_R50_to_R18;1;0.9122807017543859;0.8717948717948718;0.8596491228070176;0.8333333333333334;18.19
TEST2_breastmnist_R50_to_R18;2;0.8588137009189641;0.8333333333333334;0.845655806182122;0.8525641025641025;18.43
TEST2_breastmnist_R50_to_R18;3;0.8755221386800334;0.8589743589743589;0.7967836257309941;0.7884615384615384;18.14
SUMMARY;AVG ± STD;0.8822 ± 0.0223;0.8547 ± 0.0160;0.8340 ± 0.0269;0.8248 ± 0.0269;-
