Experiment;Seed;Val AUC;Val ACC;Test AUC;Test ACC;Time
TEST3_Src_dermam18_Tgt_breast18;1;0.9122807017543859;0.8846153846153846;0.8130743525480367;0.8333333333333334;27.73
SUMMARY;AVG ± STD;0.9123 ± 0.0000;0.8846 ± 0.0000;0.8131 ± 0.0000;0.8333 ± 0.0000;-
