Experiment;Seed;Val AUC;Val ACC;Test AUC;Test ACC;Time
TEST2_breastmnist_R18_to_R50;1;0.9030910609857978;0.8846153846153846;0.8794903926482873;0.8653846153846154;32.17
TEST2_breastmnist_R18_to_R50;2;0.9348370927318296;0.8717948717948718;0.876984126984127;0.8141025641025641;32.24
TEST2_breastmnist_R18_to_R50;3;0.9314954051796157;0.8846153846153846;0.8807435254803677;0.8461538461538461;31.95
SUMMARY;AVG ± STD;0.9231 ± 0.0142;0.8803 ± 0.0060;0.8791 ± 0.0016;0.8419 ± 0.0212;-
