Experiment;Seed;Val AUC;Val ACC;Test AUC;Test ACC;Time
TEST3_Src_breast18_Tgt_organc50;1;0.9988297504450319;0.9569397993311036;0.9893529963850143;0.8791382667964946;665.47
SUMMARY;AVG ± STD;0.9988 ± 0.0000;0.9569 ± 0.0000;0.9894 ± 0.0000;0.8791 ± 0.0000;-
