Experiment;Seed;Val AUC;Val ACC;Test AUC;Test ACC;Time
TEST3_Src_organc18_Tgt_breast18;1;0.5263157894736842;0.7307692307692307;0.4607351712614871;0.7307692307692307;31.66
SUMMARY;AVG ± STD;0.5263 ± 0.0000;0.7308 ± 0.0000;0.4607 ± 0.0000;0.7308 ± 0.0000;-
