Experiment;Seed;Val AUC;Val ACC;Test AUC;Test ACC;Time
TEST3_Src_pneumo50_Tgt_dermam18;1;0.9225873095894254;0.748753738783649;0.9219121177347797;0.7511221945137158;517.46
SUMMARY;AVG ± STD;0.9226 ± 0.0000;0.7488 ± 0.0000;0.9219 ± 0.0000;0.7511 ± 0.0000;-
