Experiment;Seed;Val AUC;Val ACC;Test AUC;Test ACC;Time
TEST2_dermamnist_R18_to_R50;1;0.9149416427470253;0.7397806580259222;0.9151117971362334;0.7491271820448878;426.27
TEST2_dermamnist_R18_to_R50;2;0.9172372319106278;0.7457627118644068;0.9115772764916528;0.7411471321695761;417.75
TEST2_dermamnist_R18_to_R50;3;0.9166605245659439;0.748753738783649;0.9144866943568306;0.7331670822942643;433.22
SUMMARY;AVG ± STD;0.9163 ± 0.0010;0.7448 ± 0.0037;0.9137 ± 0.0015;0.7411 ± 0.0065;-
